Date,ABBOTINDIA.NS,ADANIENT.NS,APLAPOLLO.NS,BAJAJ-AUTO.NS,BALKRISIND.NS,HCLTECH.NS,HDFCBANK.NS,HINDUNILVR.NS,INFY.NS
2023-01-03,0.011315594189829494,-0.002671994865172832,-0.01631240240222774,0.007734541652836032,0.0007515713003222874,0.0018263082143153146,0.006517622555198764,-0.006411108238994234,-0.0009518520568577561
2023-01-04,0.011758998642251686,-0.0010185425800558025,0.042100004342080194,-0.013655794905168455,-0.003198290574875233,-0.004571815858132265,-0.018034481177997982,-0.0023433785314615663,-0.01839414717127468
2023-01-05,0.007622291460583191,0.0007182978438753696,-0.010003932571731234,0.019041483854065285,0.02528075244302502,0.007209014311087598,-0.0064492292921577024,0.0185950466125529,-0.01319896668470759
2023-01-06,0.010033055028925814,-0.0014501535966691063,-0.0038333984990547754,0.005809963922801846,0.015608945239994504,-0.010881627308010657,-0.0033185380501438095,-0.0028100971298848686,-0.018265012692045515
2023-01-09,-0.00291315708428918,0.008086424089507275,-0.006047180566944849,-0.005920435752159967,-0.0001581273956879312,0.032999084751197665,0.0019423358091769966,0.018306574265602504,0.024515774626214615
2023-01-10,-0.009332269837283125,-0.05557129157960886,-0.00703369039253059,-0.012939781722831323,-0.009771509880906618,-0.0033782694719044952,-0.01844764793735162,0.007517176035222913,-0.009951911141440211
2023-01-11,0.006989404911335269,-0.0030483318991495274,0.012500203522621258,-0.010165664322369603,0.0010271832544139397,-0.008543235212273988,0.014307640997295406,-0.019324361868096142,0.0010200167239140588
2023-01-12,-0.0021837146377144886,0.0031305179516596436,0.00827694524317831,0.00907393321176803,0.010190618703537858,0.01584837643224979,0.005328734976760099,-0.0012346246927647782,0.006335036367620476
2023-01-13,0.0053840705415575734,0.02007304199920262,0.005964993856842381,0.009755356885112334,0.008611258603305005,0.005722398355243077,0.0007812756450354371,0.013022652760387025,0.015448034895319415
2023-01-16,-0.010863355782462584,-0.027614013060707654,-0.010807094281320779,-0.006162715265335585,-0.00430771825175474,0.014644479191621448,-0.009636156077850592,-0.010304422850492758,0.014426752083565792
2023-01-17,-0.01647237818133727,0.005386350276663945,0.017130628104633176,0.006620205826493663,0.007593345720280517,0.015739430949635445,0.014777027488942699,0.026765019210684138,0.009135428096812417
2023-01-18,0.012872736574034545,-0.011788371563901414,0.04007223919911086,0.0008175314045041729,-0.002077362274452471,0.0036833033263440713,0.01749787609345744,0.0069671401071898145,0.0038251656163349962
2023-01-19,0.0016992318762192769,-0.03772263127453168,-0.009719735930448142,-0.009449158255717939,-0.00864594277903977,0.005639242609971922,0.004144495291426989,-0.013662392718572251,-0.004214994918129329
2023-01-20,-0.009235929082815272,-0.002138899340991773,0.01625907964901349,-0.0008952967574095215,0.0038269099271903083,-0.0032441988435129724,0.01019655190167834,-0.03886230948741328,-0.008712821815105461
2023-01-23,0.003992523934686615,-0.0057453136527556995,-0.027061303257753692,0.014118705641007001,0.009859595995398035,0.012023059351009563,0.007288566241181075,0.018522775335214,0.01460880289628579
2023-01-24,-0.011114948683167921,0.0016428394712796803,-0.008059925882364918,0.01722326600492274,0.0008453173860433732,0.014741145287205583,0.013299467759874112,0.0015779835105438897,0.0025161514618651185
2023-01-25,-0.016578764402517692,-0.01553261980982101,-0.0009524051982495294,0.008346979701380975,-0.004210312351297831,-0.013359502088037574,-0.028020903191264154,0.008367245259562929,-0.005751406094516309
2023-01-27,-0.0035130886157848716,-0.2047642022752432,-0.013124121947022765,0.057330986366607856,-0.05087393475492775,-0.006388525801781252,-0.020126509225946138,-0.003897370029406628,-0.015577504415172073
2023-01-30,-0.010732927018762734,0.04648628747313233,-0.0031649018885401203,-0.024583722874227543,0.02114882431909457,0.017019923391365564,-0.001021724757644343,-0.016987832468225154,0.01285187517191994
2023-01-31,-0.008068687081406636,0.02763193565009269,0.007019681155355888,-0.005979576970642396,0.021408909477543796,-0.011121277196106545,-0.0066197901352149395,0.003343127082532046,-0.0032872293895877423
2023-02-01,-0.00561718993270907,-0.33124354915541226,0.004754247500562244,-0.00182183173918509,0.012793011822884193,0.008783065090629066,0.014887090672560584,-0.00097066597878669,0.011248695849319493
2023-02-02,-0.010691814145230608,-0.3105849797571227,0.029623822536547207,-0.0054197151712605295,0.012346411797035705,0.015339659389675837,-0.014980679293969762,0.023268038066406087,0.020831069394581514
2023-02-03,0.01895695406655885,0.013673923592556014,-0.00878261906510643,0.016184586821868262,0.0058871478293541415,-0.003005418329648997,0.033999318667367474,0.0052615888847454525,0.009833115800000366
2023-02-06,-0.00011975500025079135,-0.008925734448505501,0.011608889325983581,-0.0008958339449060373,0.003942127908314133,-0.00039259806397553415,-0.004259148263409003,-0.004218508526479871,-0.018648539789824115
2023-02-07,0.005814404761338513,0.13663037258682145,-0.0061266461971256885,0.007853970530843385,-0.01154296779157618,-0.015348021769154953,0.001482136105151595,-0.013896473291945951,-0.004756926683086535
2023-02-08,0.013570396225612999,0.1826496821060132,0.0037226930995958,0.00021907815126963098,0.024221180746452825,0.014737032641837266,-0.00012083581321859423,-0.007098695620313853,0.017825347015351316
2023-02-09,-0.02051385537583676,-0.11678436354184957,0.01362962223183141,-0.00894383036121781,-0.011765978099294454,0.001178051227785828,-0.0020880653327791025,0.0015087461255387257,0.016524121673677082
2023-02-10,-0.005054411602562341,-0.04175387596037582,-0.007274094103863304,-0.0036730929474444165,0.002516003473632356,-0.027145661965197822,0.00396055227064646,-0.003562993994414858,-0.0052393297827625475
2023-02-13,-0.022869198135603442,-0.07257851630135444,0.008439710192137444,0.013441288655815028,-0.11755279037508866,-0.002378290090085593,0.0007540065019680519,0.001356917763958415,-0.025883172963158528
2023-02-14,0.00178407258270612,0.01848723255801415,0.013061213188179956,-0.0019072790458353733,-0.02799203727198187,0.011123970456530989,0.00921356012370379,-0.0005423902769241757,0.016325815258174888
2023-02-15,0.0044685294177508085,0.01666326536684671,0.01122940210710812,0.007530619008131027,0.011979441718980327,0.0065979535387729075,-0.002033415396763361,-0.012149149894603717,0.002382322439537775
2023-02-16,0.00126642757381944,0.009788371331429785,0.0703915242830138,0.00030729455957700355,-0.009477102720964877,-0.00420179990260021,-0.0036287111238525434,-0.008412877607034436,0.0029697835542088023
2023-02-17,-0.010282878375294853,-0.04200316183722789,-0.025489571880753042,-0.00315347314934113,0.016023406114679267,-0.01662452621158827,-0.005029933470239948,-0.004600772889119064,-0.011300965053909087
2023-02-20,-0.007609339454036088,-0.06057201126412026,-0.01683479861649945,0.0024364571754261627,0.014070983246990867,0.0055274446233117384,-0.009435057068597756,-0.001611431127029435,0.005446593488147142
2023-02-21,-0.0016861260569631753,-0.03154480762841799,0.006767927956050278,-0.01723354939666745,-0.0022136533559520928,-0.009455787528304997,0.003742221298156256,0.0018696945978665179,-0.008165389472618433
2023-02-22,0.009295465510999145,-0.1118454318913191,-0.003378238382850445,0.0009377330028783345,-0.000170525845115832,-0.011466032107823211,-0.019812390519185628,-0.0088219197166502,-0.011269158338771616
2023-02-23,0.013428291128972435,-0.01592863872040155,-0.006711739737716517,-0.0022938861552218347,0.0036228156159896743,0.001600237922844302,-0.006806609238229221,-0.0013643933821903369,-0.007132612137897042
2023-02-24,-0.01647993165087834,-0.0496709725002575,-0.031794700908943124,0.004699409455221769,-0.005670974904013628,0.0004569809043027163,-0.008959383916087766,-0.002593025207507481,-3.2328272220843285e-05
2023-02-27,0.02100143771657787,-0.09744067859985263,0.014533720007385504,-0.056117660807970884,-0.0022724678884234184,-0.01000570601069645,0.0024828688715349805,-0.00648173378994571,-0.027028106889666788
2023-02-28,-0.018229252710765472,0.1334212563751672,-0.042272353450137926,0.0058484455089447196,-0.014538789086159708,-0.005875494203710266,0.004197258518764741,-0.0030432786185646196,-0.014515504890933884
2023-03-01,0.012296388062142161,0.13712701094649285,0.058145858621746926,0.01905952443544125,0.018030992189559125,0.02157358393090922,-0.0009694213477030888,0.0022731861230573273,0.005697810979724222
2023-03-02,-0.01803761266518918,0.02708611852290036,-0.01173097633044452,-0.00440453105138118,0.0018753177196240791,0.004394799202272182,-0.00854685722031446,-0.004429315073782708,-0.016104367747116665
2023-03-03,0.003333643199345981,0.15648113448913495,-0.014758122194911412,0.004498398448356673,-0.002753331253509528,0.011730767553086848,0.019654819241533346,0.006353486358851296,0.004845027942748766
2023-03-06,0.02030639206480514,0.05355462332341926,0.015600719729021802,-0.002401042248839374,0.004333867817189562,0.006857572804212777,0.007030188204251281,0.005589475573450278,0.01885041130825745
2023-03-08,0.0019348957549568727,0.02821785330654215,-0.038133758282955656,0.02340079965009666,-0.005481383412832503,-0.005384103775326176,0.001995139781608034,0.00010054192510662062,-0.009832820479754792
2023-03-09,0.003135927308483806,-0.043334800083105106,0.008752154345317203,0.0006032721056843288,-0.031867577516788904,-0.003575608791716575,9.195074117780869e-05,-0.009582609513416065,-0.008274240965314188
2023-03-10,-0.006087104675427129,-0.029591615239594596,-0.009585699630722597,0.0022002834774184892,0.021456334953632777,-0.00031351316111767965,-0.026124768238757284,0.0016440688751143875,-0.005996045171785154
2023-03-13,-0.014261041722342303,-0.011563261643038811,-0.010394578891758674,-0.011433803935108762,-0.025727516499072192,-0.01598295649036827,-0.012732952549584446,-0.004206825783867425,-0.025081726174067634
2023-03-14,0.003222254918218103,-0.07543850985849211,0.0057555045860760825,-0.0067850246678016765,-0.005358262367312835,-0.013332563234210983,-0.002681299091040704,-0.005165883313222345,-0.010577655677611831
2023-03-15,0.0018920593640701308,0.0563718609721276,0.004138674954833057,-0.006120551058000703,-0.0010954163548018018,-0.0040671790667657515,-0.014454835587781238,-0.014994377048172526,-0.000246429065753627
2023-03-16,0.016386383150184824,0.002606748953687551,-0.01276321366041829,0.01864542712663413,0.009462986930027126,-0.0067377637474966634,0.006464553516491814,0.021889901191781136,-0.011013932305605482
2023-03-17,0.010775519502079129,0.017606269421452863,0.050705851039139174,0.0037297024126798075,-0.008927847204507997,0.03306342027587606,0.013282045717664465,-0.004871072959114107,0.011753037395803778
2023-03-20,0.018885552339074383,-0.03890203850364323,-0.029137683695892782,-0.0024673671452467016,0.005107651088812352,-0.01600539735093248,-0.006955095772306375,0.025734592759741277,-0.012073592228509207
2023-03-21,-0.0018514971679194654,0.010636057541057748,-0.008596500415055323,0.02612097475037551,-0.0035802026532262814,-0.006391506014437293,0.011269679369842541,-0.019542910964379767,-0.009268790968360478
2023-03-22,0.009527996341306945,-0.004863077156231983,-0.00778804360627205,0.004661820688336238,0.01371827260602287,-0.002263106114126935,-0.0023135618676875525,0.00556798924696148,-0.0010432282184391249
2023-03-23,0.0022564629735899035,-0.011858132126623955,0.044678343643511816,-0.015667678034802554,-0.006949283244667105,-0.014483135973050123,-0.008060090240659134,0.003527127508573879,-0.010637517487841605
2023-03-24,-0.01927922330648012,-0.030189125473940117,-0.02845919223916885,-0.009114846774014262,-0.0057011368361447245,-0.013364056976666327,-0.0016006123484467948,-0.0017318658041305566,0.004427904151484541
2023-03-27,0.013998492911044247,-0.010162626181460648,-0.015756875748941714,-0.0053303275726534535,-0.015931946601771184,-0.00023782778076133406,0.004347606963772758,0.007309630708268686,0.005993637069588203
2023-03-28,0.007824013241177591,-0.07356132157943648,0.010615271873695903,-0.004197854807993601,0.015499790622920073,-0.009939724540770668,0.008101353255388155,-0.0065036585714482835,-0.008205185009076113
2023-03-29,0.008070983710369696,0.08358032197654215,-0.002247274373536889,0.022866627791970417,-0.0010428425650138677,0.025041592873609846,0.0047980602439845,0.019168262988906795,0.004309800285686673
2023-03-31,0.013450652834253198,0.0057578438881715445,0.004406614087809483,0.0014039113180490952,-0.006792323750746784,0.016490918079288524,0.01360524302470931,0.01158883578945017,0.03158723785689096
2023-04-03,0.008627973002079943,-0.01903226747206625,-0.021382591168339727,0.02767197020718536,-0.003927852168853034,0.011816496220099585,0.000621019995324106,-0.009516584469370653,-0.012047543637046004
2023-04-05,0.02616217503010559,-0.011389472734641788,0.008439828942619009,0.0073345549481160606,0.008401662743444767,0.011813775758159058,0.026469734946547682,0.018227148729303855,0.008961406511575185
2023-04-06,0.0015287080500929401,0.03247632236316906,0.006909770600439281,0.002594112762880418,0.004860099686793309,-0.01756716339871247,0.007590156963267191,-0.006798744603786035,-0.0011597048190727017
2023-04-10,-0.0021569592519559105,0.024330302761239393,-0.009349998537829413,0.006917743107476401,0.010579752553539998,0.010250854026224655,-0.004752242260646928,-0.012987227547578879,0.004000694973295988
2023-04-11,-0.0023152776377703458,0.0032774818676736713,0.005126117868845592,0.02811201438076156,-0.0006532797235929353,-0.014702774759660042,0.002920257945271881,0.006141943424809073,-0.015139240836479509
2023-04-12,-0.00596845690365335,0.024162797380567407,0.006849658987029063,0.025664875475133995,0.02978726895732849,0.0068759239576254875,0.012902612825952483,-0.007406477451279025,0.015629474696665892
2023-04-13,-0.006628790562228334,0.01264136770269889,-0.009451470065278907,0.0005481125045812707,0.009807408111347211,-0.0209113578247886,0.004470924143275223,0.0028627032517139547,-0.02775695656100005
2023-04-17,0.0019742354515177446,0.0042672346984898284,0.00021006294529734746,-0.007960075171213632,0.0066454398285241524,-0.02805229372960256,-0.015361459847743045,0.006151766716639224,-0.0989663231688291
2023-04-18,-0.0003438744734508892,-0.014907621869541494,0.03142836758234532,-0.010657505281641338,0.019886627336225513,0.020560603993230234,-0.004239044768610855,-0.0042412461168311625,0.0008340441605824973
2023-04-19,0.00898512103720071,0.0015655045078631293,0.0015864508890925644,0.013345183957683453,-0.04893345152178675,-0.023924631689982392,0.0036687648112049428,-0.0037258045949856854,-0.021794617269998914
2023-04-20,-0.006885796569674589,-0.005924098142545527,-0.004113706283978656,0.011317047715734793,0.008805460395022672,-0.0011559023543713592,0.0037153177678736484,-0.01552509885480176,-0.007167204647092695
2023-04-21,-0.006356036026431363,-0.021888438052033908,0.004032375155133707,-0.0014033192456814458,-0.00306581456503433,0.010975693480947138,0.001613549133413011,0.002143864953146837,0.003223536327491399
2023-04-24,0.004962136453112242,-0.000582563544214753,-0.007630410210188262,0.005509108460452364,0.007780864695337724,0.004850285940562896,0.0080590226062937,0.0007204054699460774,-0.0008559038000123117
2023-04-25,-0.010901444265372769,0.023393043877341844,-0.0013934411388880257,0.002409215550662876,-0.00547455137098085,-0.0005694610436558543,-0.014318823368159936,-0.003727424629194763,-0.0011423458155257874
2023-04-26,0.0003968494005029887,0.0017874935267021767,-0.008775195161794853,-0.010079277642195666,0.010579802114642814,0.011420730341927029,0.004586437748418588,0.008138104962648574,0.0021610911727909816
2023-04-27,-0.007348626144845691,0.0027830938876776,-0.005893033711740133,0.02508406048218697,0.010684941962591963,0.005334973594499784,0.005487955129696363,-0.016808633518268095,0.015118742019175084
2023-04-28,0.006745601099414506,0.03806693267569719,-0.005174646633420375,0.0053731479750188296,7.197648802783687e-05,0.010248659076743162,0.003918540435642257,-0.004729539452463927,0.005202105695752851
2023-05-02,0.003697592546003535,-0.002652959397970861,0.003883518761879358,0.01479320397154205,0.013699698568398465,0.003237060550009631,-0.00020745337704397386,-0.0022815771902443614,0.019524776962557604
2023-05-03,0.00833870961075373,-0.04302507479568145,-0.006522937764547323,-0.01121190816958798,-0.008603036195344064,-0.008088594913773419,0.003490709145639529,0.013893345941596707,-0.006518388273700332
2023-05-04,0.0008061503852326554,0.03853552201389125,0.010017650118226992,0.0022120835261003643,0.01673368694024511,0.007385942774133906,0.020258300381714674,0.00831205444343313,0.0034608344905285374
2023-05-05,0.002889350960298538,0.004723967558608812,-0.011823116019679473,0.0012106077730201202,0.004192598664537753,-0.010601726356180263,-0.06094119793395088,-0.0023963182673023935,-0.011411272114252915
2023-05-08,-0.007960780269614633,-0.017228164979443062,-0.002356245318334023,0.019118715568961425,0.01668871505574566,0.018956289109709434,0.011498227080010071,0.0061987453944115905,0.0051492529847944266
2023-05-09,-0.02441074828113455,0.00454585080760797,-0.002995353036991344,-0.004494206241418647,-0.008054730090035997,0.0030165009414042823,3.036673772396211e-05,-0.00019870023737076514,0.004021578143307251
2023-05-10,-0.02485342175377485,-0.0020852651657062584,-0.0012259677412221016,0.005966010342664655,0.019436792193298087,-0.0006491873753893078,0.004610811955269553,0.002738960993562334,-0.005880107451770007
2023-05-11,-0.007253588312974563,0.04772872500961557,-0.00033853081590726615,-0.0017685890723420346,0.008846576438444493,0.009047585682668308,0.0006655966425027049,0.027254229988318775,-0.005676117024451715
2023-05-12,-0.00032961768190428823,-0.010102997885541988,-0.0015245480383795965,-0.00198082063791816,-0.011531820013640998,0.006777787382704382,0.008792650140714373,0.01188711210303936,-0.008715478377796909
2023-05-15,-6.595547516455722e-05,-0.02507372067283482,-0.023759520393249484,0.00563513822529653,0.004864642333581774,0.0038719279571469813,0.004785262644980005,0.014700450426131245,0.010505107698650862
2023-05-16,-0.0015936077500721764,-0.014138792047887956,0.0008676088771611113,-0.00575630326530695,0.008107993829424441,-0.008263105116542626,-0.0057504023349832225,0.005114119440397686,0.0047173667504866144
2023-05-17,0.0010046347422929583,0.0054636799009786345,-0.00017354685467501957,-0.001985104817820037,-0.008334767353763546,-0.014917810363835509,-0.005387021828503617,-0.005301925502156526,-0.013858105732965737
2023-05-18,-0.01161296636786548,-0.005013936283483491,-0.03387611987743799,-0.0023651992726197906,-0.006530967930061744,0.00496640820182539,0.003989730064652194,-0.012931852339243264,-0.0007219777987564017
2023-05-19,-0.0034441580148037495,0.03435036904481187,-0.019709243222481042,-0.007876137643500092,-0.018945235777416514,0.014205661250264805,0.0011544149077212084,0.005275977649052372,0.018211908535361747
2023-05-22,0.022458059073972414,0.1732659377071648,0.009291454009330402,0.008893684008444687,0.06403089761818508,0.022120698077585668,-0.0035584818150754564,-0.0012688661729072497,0.018659905829780162
2023-05-23,0.00629658209454354,0.12419663660977552,0.044727506639561765,-0.005575639062033652,0.05018073316987272,-0.011224898498973563,-0.002348866605807188,-0.003721797442502844,0.005592452153128816
2023-05-24,-0.0017730385242224855,-0.06190694035436009,0.0,0.004325666815476879,-0.013520017703190407,0.0041452339755380695,-0.013157189647503042,-0.005092301030923175,-0.0010776060858088093
2023-05-25,0.01712788869264731,0.024676808900116448,-0.005346531541960139,0.02759519386068772,0.028680994916086378,0.003636044620505296,-0.003844552188907589,-0.006791775452018472,0.004379555779431157
2023-05-26,0.0027683676663190515,0.002715692664869506,-0.01656776614686183,-0.006058282105301535,0.009542387335663979,0.020575192296689367,0.0038445521889075756,0.02099301491646817,0.009993245798625195
2023-05-29,-0.0003492919865033377,-0.004056434699151371,0.006536874669532786,0.0005522221422530122,-0.07949938847843768,-0.011477233302181653,0.012118351782003427,-0.0007733041436225784,-0.0023177620929119903
2023-05-30,0.007317636286814646,-0.01494912180362255,-0.01911174246530429,-0.005776034483479645,-0.02439073333862209,0.008532224505602037,0.0007639964021663137,0.002355400165226688,0.007163879191040851
2023-05-31,-0.014463845496636207,-0.0012425547541219054,0.018715486489152874,-0.005404630543221547,0.021448519254472307,0.008110826115308811,-0.01595061528148463,0.004132227920846631,-0.004201014747448529
2023-06-01,-0.006241324494398544,-0.0004813657698896214,0.006628198414121338,0.016600640465618217,0.0059630989708686745,-0.0027985713611913842,-0.0042614617707686965,0.01131316392131771,0.0009096924777373584
2023-06-02,0.01491415728076153,-0.019080206722768295,-0.00649613172284837,0.00547637932573751,-0.0005685724624000344,-0.004256337481565194,0.0015573821342489975,0.0069441773811210845,-0.00230673635452282
2023-06-05,-0.00434649259920125,-0.004550134862482003,0.027835708669119903,0.008732182454556106,-0.003000811161293126,0.0010988382569980955,-0.001308010181192396,-0.007722695176877588,0.004225057517419099
2023-06-06,-0.00041685583236849037,-0.0001233567337665368,-0.0029166193376323657,0.0034336368531838104,0.007910166360817962,-0.008557963392029666,-0.0031212798539239804,-0.001726587821760786,-0.01974129512991103
2023-06-07,0.0019568692563142116,0.0024214565236878828,0.01182740362125001,0.011465292714149325,0.0012831842614913647,0.00039860068001487507,0.005175978976481796,0.009265333958295626,0.007749295447268304
2023-06-08,-0.010137721431588875,-0.004272226846928723,0.019587156661595623,0.004153929340263343,-0.010554188818599325,-0.002039422269830983,0.0006217638866401711,-0.013454381272697553,-0.004782540831394299
2023-06-09,0.006718001377709827,0.0090159345848122,0.021820437111363777,-0.011997210409535417,-0.004866596944971115,-0.015202446846369998,0.0011804487229127288,-0.016440940036224413,-0.0132224174819093
2023-06-12,0.007736885660102892,0.013634954304304026,0.030323653902292406,0.005518681330744419,0.01513808053593364,0.02658637766448627,-0.006103269296147435,0.0027463027106048848,0.020329856170725552
2023-06-13,0.008853910433441876,-0.008994851348085819,0.02203809331727459,-0.0028763281591202084,0.009930435461959772,-0.007353656525433853,0.0016852024863681034,0.012200827768001372,0.009935418081088882
2023-06-14,-0.005294832987624469,-0.002195317466745263,0.0419668421708986,-0.005428976045000909,0.00015065799588895743,0.0040137551596131065,-0.001091968466206612,0.008502999960828907,-0.0034162931224771508
2023-06-15,0.0177130797826123,0.011532119451745777,-0.02807338099644794,-0.0018303751001704715,0.0029228015793751837,0.006800069751377922,-0.012375280989773637,-0.0033591105461760473,-0.010513231829421394
2023-06-16,0.01235840188211453,0.009589216081836048,-0.010767729460299257,-0.017002553251187685,0.016707129144524324,0.004014100606934351,0.012999431028454553,0.00960171475630553,0.0037618994446171356
2023-06-19,0.01667978695144533,-0.04407159416350455,0.020892797304116896,-0.009654496342193815,-0.009393843316312928,-0.009318663730101488,0.000873171531963541,-0.003868300632717029,0.001817729063828705
2023-06-20,-0.004191779348749115,0.005564724971451006,0.020206476474701317,0.013964469448753876,0.044421154851963615,0.02697246570446827,0.0020861173091474396,-0.002668285775163324,0.007238053952995778
2023-06-21,-0.01392437311633737,-0.0036717559991114855,-0.01295097327529823,-0.002545111874889817,0.00931061238392809,0.0015389948387439993,0.017329522453292463,0.00018677626870380957,-0.0031121767445864506
2023-06-22,-0.005484926825252728,-0.003622462798821515,0.04149159536219659,-0.008216233019834167,-0.0054664977863915715,-0.0060414261300749325,0.00487923852136906,-0.008347514211704214,-0.013793812916215138
2023-06-23,0.004620310227853566,-0.070730090287067,-0.039732674782641794,0.0022740926398417028,-0.027100560806199738,0.0015030270299750128,-6.0831546174417956e-05,-0.0048150179691093765,-0.012998245972512139
2023-06-26,0.007993319936026847,0.02740216330212873,-0.020588879815046295,-0.0034020692226008273,-0.0033013469886898398,0.0020148761580624733,-0.00484897105418806,0.003967058203903675,0.00422036352230764
2023-06-27,-0.005855306739137331,-0.004869125961977442,0.021037589804350453,0.002417278606444172,-0.012424097475313015,0.002139023826323483,0.013994745750169055,-0.0002829071497207299,0.006903411578898153
2023-06-28,0.021542992302935358,0.05017645590906046,-0.014835334779081763,0.021052052048959217,0.0005718946106597063,0.00021362887137987927,0.010525637657937152,0.003726933451217157,0.011039937977116684
2023-06-30,0.00930259118752603,-0.005824581197831039,-0.009758341517383697,0.024872190649049157,0.003973383229320823,0.01501161391266344,0.014951911468275262,0.0063302790574929066,0.03206993966942696
2023-07-03,-0.007261926968349227,-0.0010683713547932328,0.01742936994406619,-0.017394120960574407,-0.009175491898462937,-0.005359526762323389,0.010756620616698753,0.008514395221731688,-0.0013486591412535465
2023-07-04,-0.0017433912576976702,0.0009217555433464188,-0.012233349977338437,0.003193958800356756,0.00522325265729479,0.007587856792750696,0.004872342635973977,-0.00038876510883845594,0.00854854050059908
2023-07-05,0.0041620367920664455,0.004784005077462868,0.0004571044205432461,0.055639708327954285,0.023896471208820488,0.003521579478795718,-0.0322826707798676,0.02047416455976988,0.0015970480764395459
2023-07-06,0.022056183247276567,0.0020620434172589947,0.012415993734667513,0.005638444836484822,0.01063322976855718,-0.01191366564461089,0.0010154562104655383,0.00045350334365399557,-0.0025267163169505205
2023-07-07,-0.013792084974364465,-0.009244300317477043,-0.008652203989759931,-0.01716669258367593,-0.022698642100876968,-0.019716275903933746,-0.008754630304836742,-0.02163163324504596,-0.01024661576663511
2023-07-10,-0.0012327822167349698,0.012797989327033354,-0.007274078138696245,0.013142493042419982,-0.04474645772655552,-0.02901037842276836,-0.0023818174879952593,-0.015519538762249907,-0.000789623710660351
2023-07-11,0.009445992699583329,0.005234641728032344,0.006628862256617251,0.004013989540560117,0.02584055564334962,-0.008573987688030294,-0.004871621649899275,0.0104662300230197,0.014527335320356462
2023-07-12,-0.005446718355051105,-0.014550830995340219,-0.004605091916894429,-0.008003188741532762,0.024897837625401435,-0.003909244946394898,-0.009416973756137295,-0.004049905130153266,-0.011409959583129929
2023-07-13,-0.007323726679129441,-0.010884338348140251,0.027688636198665476,-0.0024628406872061054,-0.00474180506056049,-0.0015768649691796238,0.0049786007420584335,-0.007113025114787609,0.023570727267254114
2023-07-14,-0.004226171978852866,0.005930642899674987,-0.011944371316931249,-0.0014085173022653304,0.019244612314235552,0.03730923095700572,0.002069669441909745,0.008327791849356156,0.043610486993296844
2023-07-17,-0.006112454889144923,0.013564354669245916,0.03218277092447495,-0.0054578129580217976,-0.0061396996061614875,0.0024297752434634242,0.020702395097532533,0.0017915437676856295,-0.002106191281541011
2023-07-18,0.008331746494075483,0.003460738405927295,-0.02079500807459857,0.005663520455549813,-0.006863940713721904,0.011590381897402129,-0.0008342052025319119,0.00041009690368793084,0.03606144235792842
2023-07-19,0.005254751518446411,0.0028302721071051837,0.03663134423465979,-0.007631031327315147,0.011297298840005831,0.001583671005345067,0.004520284324275092,-0.004183397361663814,-0.00016947778998017716
2023-07-20,0.014533494409926037,-0.0016516586218971137,0.008588378551453727,0.009296098663029436,-0.00857504226112525,-0.0028079783573833244,0.00216370170709719,0.011777180050133496,-0.017405346289456686
2023-07-21,-0.014399481175747566,-0.0014268346272628292,0.011080251627304109,-0.001233128172276454,0.0026734075528662853,-0.03553492258603017,-0.007727759014940275,-0.03740611316372165,-0.08483746713218912
2023-07-24,-0.0005435999279523001,0.0007859906743536061,0.0069940096184836495,0.004114709783099924,-0.01755881934303706,-0.002288519917370382,0.001580106572753769,-0.009162371790659206,0.003747925998233577
2023-07-25,-0.008009493618425817,0.019837473796478097,0.030340744621620747,-0.0069463642860535385,0.0048117917855254435,-0.0012137472280671316,0.01078529890030533,-0.0047006167978143765,-0.001497504194664006
2023-07-26,-0.0017831739458404224,0.0016608103855107097,0.010325122867907327,0.004424146178107031,0.047905446254268284,0.0030988113394778633,-0.0034836270876773805,0.005881929484196369,0.010620718296466491
2023-07-27,0.03260223667465574,-0.017289177534213617,0.007466900200403673,-0.004001418269583178,-0.01177807238377796,0.0021055256837020733,-0.010434507519228793,-0.005220062782498337,0.0031829028440205917
2023-07-28,0.014826711946072402,0.01422877986034972,0.021747154710769722,0.008518468725936514,-0.003503901487666688,-0.012427737022605943,-0.017879987268148993,0.005723239390877729,-0.009392564735104957
2023-07-31,0.00035947529838387967,0.011704525567363377,0.035309831280285205,0.007919509247323746,0.031140626997077897,0.011845830247370213,0.004674134188145969,-0.009251031049531516,0.011275207320418559
2023-08-01,-0.005223675296205338,-0.004463817591810315,-0.00427526708569754,-0.0015118098642711059,-0.007402473618391778,0.019333525745518627,0.0066698743410405935,-0.0037951253857453427,0.006982894438906589
2023-08-02,0.0058923869099144315,-0.003047611491130768,0.002831307529721016,-0.01882986597810139,-0.021650502934409347,-0.006697711741446362,-0.013171054900194398,0.006972531633847268,-0.006134971987358358
2023-08-03,0.01937138495332238,0.023592047463965725,-0.04820146785812114,-0.0012011659602440266,0.0036377580572249453,-0.004786479780915795,-0.00724958823442686,-0.00689415617529374,0.005475679140995847
2023-08-04,-0.02857708054815636,0.0036260474905287286,0.007422586452206379,-0.02396755354989195,0.001612565427886559,0.016609522625769018,0.014356232503845698,-0.0020795175674233617,0.010245603957478764
2023-08-07,0.004212909243892407,0.0034169426855912843,-0.03377627790955943,-0.008932023358761294,-0.04624871615236355,0.0056205320558712,-0.0005751143747988801,0.00907100994782028,0.010572554735719643
2023-08-08,-0.00797666690596405,-0.030230876532454553,-0.0022023836496518692,-0.004280984821033304,0.0008644177191353866,-0.00824567141006824,-0.0008178806089414944,-0.001304684834167319,-0.002011993981688533
2023-08-09,-0.001062639366066388,0.013068139952624175,0.03561865828110347,0.0035205183269972967,-0.0073613694339772166,0.002450299521924766,0.000363518439554187,-0.0053340962922272415,0.003016520441255465
2023-08-10,0.005821136410585123,0.01790738604388493,0.024349264866641625,-0.006438690104263028,0.0037511231336947483,-0.00864636816481484,-0.008915721945325056,-0.006091798444190353,-0.003808117488250255
2023-08-11,-0.006507732757937179,-0.00506687212172206,-0.008533910322723066,-0.008131639709417255,-0.0036297168168242045,0.03222649418541535,-0.010477337625409875,-0.013853455772519861,-0.012495943100621729
2023-08-14,-0.004010894094578991,-0.03343318783621104,0.015061443109629867,0.0038305330989550413,0.006971635619499764,-0.0003841653290089342,-0.004892107189992713,0.012433429049293867,0.01569434838534383
2023-08-16,0.011206987548184865,-0.004447948097547746,0.00015867132999159897,-0.0034934362635743433,0.0004012165505208702,0.005238289915724061,-0.0029219870795223345,0.007668600062968096,0.017745548695769445
2023-08-17,-0.01032114433711096,0.014051516044563582,-0.01055916666129227,0.012367261872716721,-0.006543933120571108,-0.0003824135521554579,-0.0055563125355460805,-0.0036697938835400443,-0.004911542455871363
2023-08-18,-0.011014131069807013,0.0386434695284602,-0.006015068808865625,-0.009123036243483172,0.011282066669502936,-0.002552767646873094,-0.004109197443691246,0.004511659950817318,-0.016248377216044798
2023-08-21,0.001556618602964076,0.023903110766736107,-0.009660976168316338,-0.0010187088717808516,0.0009031078496387789,0.004717557069850259,-0.0007860977369701358,0.003126452678228862,0.011881952076146394
2023-08-22,0.001803180531901602,0.02184511673506429,0.017822445337471498,0.0037989458265596486,0.0015310706443355914,0.00021198649013035896,-0.004287239385580105,0.0011895690549894057,-0.0011748235165486638
2023-08-23,-0.010586775026074325,-0.06419141467276446,0.01738451253476016,0.006965176609423368,-0.0022450282663268673,0.0025402305635425786,0.0024610811892065237,0.0032101616436180994,0.002987536479609134
2023-08-24,-0.002864490095185633,0.003649053427563801,0.040523809361238394,-0.006587158983558766,0.0007347388439556457,-0.009559293633568835,-0.004611574123933523,0.0027932429251350875,0.01105409888596956
2023-08-25,0.0024295969519310817,-0.01739766503255481,0.023342217682049266,-0.010006414111510516,-0.002774335552952356,-0.01488092008694487,-0.011334874547911399,-0.006880836116904734,-0.0024615977285909426
2023-08-28,0.007185295348800139,-0.009379691080895265,-0.015400835390713605,0.00357129933500155,-0.004831518696128215,-0.006520485289520118,0.010352909443876976,-0.0030667468305507527,-0.0031384249471898005
2023-08-29,0.0011324121013813833,0.01365786082976195,-0.026535490126671203,0.01383719130334718,-0.00033852980549946163,0.009635514913464953,0.007922927179963955,-0.011629826467164792,0.0014117387759766513
2023-08-30,-0.002193258553855379,0.0026496977567809178,0.007387612967178782,0.0022377893255458208,0.0027043074785107262,0.01112542362557402,-0.007321028959737198,0.0022933872515031356,0.012268874943646035
2023-08-31,-0.010935458824915045,-0.03805950904209525,0.02327402355435579,-0.013177334048812226,-0.019839240875357142,0.0014085952430313215,-0.0046029715046867785,-0.01068104418151963,0.00020890316371630945
2023-09-01,-0.017676194229633704,0.012650862566194725,0.03458968681067248,0.011775414512119666,0.016499972200558568,0.011578061639828023,0.002066070281867965,-9.982893230892278e-05,0.0058348029745391725
2023-09-04,-0.015955997313604368,0.008352616074885352,0.00886489243153544,-0.006727303167012364,0.009313751274380364,0.038626894851121085,0.006235742249283602,-0.0013583847372759443,0.014610336360837944
2023-09-05,0.019850660513784105,0.009446811314220024,0.02847489244661647,0.01380297623716766,0.00999646226151031,0.002471453503959245,-0.006108689222074269,0.0022562876695831407,0.009375026389673333
2023-09-06,0.013653775244837013,0.0009818406290859145,-0.0027610594669106223,-0.0037931812252495227,0.0034825489544341695,0.0002427471778309483,0.01299532452588685,0.006540012948473562,-0.0009809269206647161
2023-09-07,-0.0033617201419082563,0.005193824357310619,-0.035909509677681015,0.0071057878582381495,-0.006685497944237218,0.01457938608098201,0.009574808129378585,-0.006380514322717166,-0.0076435499892643565
2023-09-08,-0.001162252038023142,0.003897494848807391,-0.006243393408626416,0.008937558604317103,0.0009370306109775773,0.006399095119280656,0.007760755905142301,0.0025291845463738145,0.002316199545955977
2023-09-11,-0.0007481161085217374,0.03726384825679423,0.008152166025425674,0.009795311469226155,0.01241012047460831,0.01533300497673697,0.005161000623689617,0.00889112408579013,0.004650213999437253
2023-09-12,-0.0038292969079212775,-0.030775231263549297,-0.06351809205759737,0.0029500231266233333,-0.01666498745243278,0.000662890330914674,0.003120480967112376,-0.014856045885166412,0.016557744754093846
2023-09-13,0.004657775060846675,-0.006647429117672469,0.005128417645002802,-0.002554777577231556,0.0040051053317738785,-0.005591023040104668,0.0042672967062724575,0.003076730097843477,-0.0018336990589114311
2023-09-14,-0.004074981536084378,0.00035734028307081434,0.0028140591899869115,0.00750045766045143,0.041111691738861596,0.006526414235567906,-0.0006085215794301029,-0.002296615382819,0.005723115677218726
2023-09-15,0.019046633413009863,0.008004177736412925,-0.010285158935664947,0.05735907910090839,0.01438116110421458,0.01622790784146645,0.01140829515423558,-0.012513967728451437,0.003081060535382213
2023-09-18,-0.0018346028193818493,-0.014913560758537267,-0.005601394702311964,0.008954985627196932,-0.004718079657958904,0.0003065549330835286,-0.01987418933231374,0.007643614242041413,-0.013185169445905759
2023-09-20,-0.005025887333827972,-0.012930620392243955,-0.007194645759736595,0.0012163218587328505,0.009217789818821818,-0.008928669034194722,-0.040942269661345336,-0.008798239200325703,-0.0010395899570950374
2023-09-21,-0.015344662492412287,0.0036164527238512685,0.0005625139412644584,-0.019040021692155747,-0.008268535400275678,-0.01197799021203331,-0.006640919577825474,0.0026315416862466956,0.007687224982143851
2023-09-22,-0.013005460690890027,-0.005804865899658497,-0.013999399047702608,-0.016686582775833503,0.007052059184011222,-0.003370421092693309,-0.015374945545242458,0.0036722817711535172,-0.0037360597682399134
2023-09-25,0.0047528754107302625,0.006953855727394972,-0.02278256835221206,0.0008795707002982157,0.005930294686543423,-0.008079946427661409,0.0008821481452088325,-0.002662161848137133,-0.01481356870271762
2023-09-26,0.0026520935810857103,-0.009777353394593296,0.0012308298636066375,0.01265565007534246,-0.002794374956464238,-0.0015841933417230715,0.004334167049178705,0.0012513103204312133,-0.0091999914371183
2023-09-27,0.0014300075829042165,0.010260676613584806,0.05353903511555014,-0.007176770068122834,0.0002348654774688412,-0.0002775301298701651,-0.007048509387837149,0.009155384743772619,0.00433796441696095
2023-09-28,-0.016520835634261242,-0.003246968156743116,-0.006063073469556135,-0.00524917777739001,-0.004352659311510478,-0.015341822885568509,-0.0020651882811738133,-0.016686740313362723,-0.018958334870280917
2023-09-29,0.03551623939531818,-0.025097774830386124,0.0032669091946996693,0.011340393734491739,0.005134632547728207,-0.005733530403911816,0.0017049778184013138,0.0021315074913140558,-0.002782799486045274
2023-10-03,-0.0024900836425182427,-0.01110158112476739,0.00940181483652519,-0.009374940474540289,-0.015602986114546642,0.0031534506367875133,-0.012029083333987833,0.0013375003029651316,-0.0010106338414351405
2023-10-04,-0.013316166755447327,0.03202945775646842,-0.02318868430602617,-0.019698649389954567,0.004319195740067817,0.0006860203498305222,0.014156124700944201,0.01565316367458812,0.007191662750385131
2023-10-05,0.002014133268982963,0.0005678918957009338,0.00875889071433568,0.018621517214016187,0.021958699989324978,-0.0033132048234805053,0.004045272200833947,0.004654463142919184,0.013137272249516604
2023-10-06,0.007601646198050427,0.004752753224602456,0.001514175212778047,0.0007082044084282945,-0.009014450965521273,0.0018195230665978826,-0.001107500351823844,-0.00802969948116869,0.010366606706101213
2023-10-09,-0.0032108735444775958,-0.014429053184281702,-0.02815151321419872,-0.0014568223304641736,-0.007365020229839376,0.009568589651112097,-0.011671178610306672,0.004749886068516586,-0.0022003148085549544
2023-10-10,-0.009385260838934489,0.022547431124359144,0.02543058228364574,0.006013081493452561,0.009158705472854299,0.009715957666769916,0.0056558537688784615,0.001949203418197086,0.013263636414234245
2023-10-11,-0.01406894664593917,-0.003890179064627738,0.03316124693610976,0.005325737010338587,0.0076268013625456245,-0.012921956793305978,0.009626580845201956,0.01585027861798565,-0.0005018174228142088
2023-10-12,-0.005518889356997523,0.007107237858135225,0.004005550570904926,0.0082981641993751,0.0034931077937162135,-0.017697436123689677,0.00663552370366417,0.00023471808169809485,-0.019528351257597477
2023-10-13,0.0036893378717710703,-0.020884137503073743,0.021310011207606394,-0.010670469319528676,-0.003899143433755234,0.025932472223291887,-0.00913927935561416,0.004857111859759286,-0.023718024236088143
2023-10-16,0.003907196842767093,-0.010319653746862464,0.00434182395735058,0.004798144613680852,0.003648683999779715,0.011676268025348565,-0.004012590022156159,-0.004348956085289751,0.002093958856731052
2023-10-17,-0.0024165489282303725,-0.000391265207934787,0.031680533296886984,0.012634734077406548,0.008366548248979096,0.005102286311045001,0.0075550670326204215,-0.0008407949829239446,0.0057707015681979865
2023-10-18,0.00023634346814919695,-0.009121387031591583,-0.00528166951486878,-0.0007587807537588495,-0.0112227444050433,-0.006047315983010136,-0.01401546887462653,-0.0030952063410783696,-0.0013179788976725986
2023-10-19,0.01012121828600373,-0.0017261383646090672,-0.038480191606035156,0.0650420786218775,-0.004338176452804618,-0.001655625504912188,-0.0031634223117206236,-5.8900294342331055e-05,-0.004801411464447858
2023-10-20,-0.0006998659430060788,-0.0035237848405919245,0.005927347441386728,0.0012212139180193724,-0.013817279232730914,0.002585636079187213,0.00516831960309468,-0.020999232206935784,-0.004474112579233303
2023-10-23,0.0033424257342911656,-0.036198330753606386,-0.041576947686783085,-0.01540229218825224,0.010239592895754872,-0.01759389381034784,-0.011060375196272357,-0.0046799083332501185,-0.013117821018519693
2023-10-25,-0.009052084260144012,-0.022626428640240545,-0.009129909352656533,-0.01080673597274925,0.010058869328297112,-0.006205343894732774,-0.006361307380677269,-0.0024995947204867184,-0.014923978717159943
2023-10-26,-0.01246895447252681,-0.02412565331277029,-0.017135366471914226,-0.01658417635249991,-0.014314133116042727,0.0022758524984702296,-0.0223665237049572,-0.00036337725430766066,-0.007767060515014125
2023-10-27,0.019522622463932816,0.026205958978373575,0.016735207700717222,0.021481222971029997,0.016914046860677757,0.029516052172814923,0.003921469573224368,0.00227893911096517,0.015256844901715241
2023-10-30,-0.00836938876105375,0.016401036243451017,-0.01248608842177276,-0.012104132041157917,-0.008867539808792757,-0.003118182384424962,0.010798092285959689,-0.0012699619265915177,-0.0023934919810161283
2023-10-31,-0.0030337424580840124,-0.0019375376075245838,-0.024267048020966794,0.000969583137632941,-0.007354043715306651,0.008855754048334982,-0.005807677955072545,0.0020553548245474114,-0.006301319352306045
2023-11-01,-0.008004801293179863,-0.03428999182050114,-0.025034511364095194,0.005685752070927994,0.0020339669271777164,-0.013452270672849745,-0.0013554491428533876,-0.004741604021492215,-0.010468258073517955
2023-11-02,0.006596150010818712,-0.0009024382698771911,0.021578692649829524,-0.004867407704895008,-0.007865849005050446,0.011412565293900962,0.001524719756186405,0.013175656641432224,0.011746306308892986
2023-11-03,0.018330200955939582,0.0065465086950563176,-0.01069874642255649,0.009459871091404018,0.001849526664777555,-0.00563088740559133,0.004728982259903298,0.008987083867020101,0.013699849620297883
2023-11-06,0.02246228302528525,0.007216566443599564,0.032135300309609996,0.007034268078986288,0.008533878750855104,0.002720991829060311,0.007218982049581008,-0.004733749871786103,0.010206579351278833
2023-11-07,0.020062032269255146,-0.0056482088947781926,-0.01794887376973188,0.00224466495471065,-0.0025760791440141272,0.0033415924097457,-0.004862933992546807,-0.00038043121017654086,0.0007122372421170831
2023-11-08,0.019947799863662682,0.011840023410510997,0.027161526366969817,-0.003956897481394741,0.016145858587902663,-0.004957385974955404,0.002887148810433181,0.009131214556248905,-0.009515987654238669
2023-11-09,-0.01604563667900045,-0.02024842094150606,0.023289749748073952,0.0039383664136957795,-0.006307245076457121,-0.00011830207116480027,-0.0039634868281773795,-0.01707393698888499,-0.01171465771217186
2023-11-10,-0.0073047902259304924,-0.004321404196423768,0.004968399273800297,-0.004967151451016024,-0.006833976006451876,-0.009552646241823125,0.003929887940571068,0.003969193981787985,-0.0043373478615031736
2023-11-13,-0.023604116841191094,0.0038698020601517368,0.013179191524839476,0.006129129686291315,0.0026847521120898594,0.0044111234318415385,-0.0018118627629179953,-0.0033838655090472347,0.003427698449330464
2023-11-15,-0.009826758372390786,0.005293982070610699,-0.008506079867660176,0.020343882955527744,0.02355995873751421,0.012334446659251068,0.010423753443402,0.0033235449740675067,0.026545589226336184
2023-11-16,0.015894041942801286,-0.008801107645227206,0.013830321148295539,0.0025614079639650522,0.007241720827122246,0.026588963688509434,0.002622150720141387,0.0019286533731096966,0.024095921955280125
2023-11-17,0.014150096681618339,0.001313835704618682,-0.0013952202535930326,0.014415755121248298,-0.003888527241760104,-0.0014502403436718668,-0.00215696943187431,0.014980390591585516,-0.005099819789587746
2023-11-20,0.014718357220489657,-0.027051323951506702,0.0003861594251648831,0.003306232685147641,-0.05719058719154566,0.012336234761503206,6.642506470043963e-05,-0.008877498983044282,-0.0006611543989253582
2023-11-21,-0.0010516379635735903,0.021535341493708605,-0.020581590661247155,0.0063161849169051515,-0.012311660489662821,0.0009048121897904771,0.008434884730931864,-0.0004789319188944111,0.001669209215070087
2023-11-22,-0.0019370826602567368,-0.010985810540508479,0.00637571063860766,0.011471102895856239,0.013672575113722,0.0023340706573309064,-0.003563701645445638,0.006624104816682341,0.012980088900787726
2023-11-23,-0.0007428545165631079,0.0011959453434261579,0.014265264735896318,0.02975352036212823,0.020977609585193038,-0.000526516793490024,0.005768315990245101,-0.000793388984175308,-0.005882288570897832
2023-11-24,0.006648934005379392,0.022815618224034016,0.007337085625234127,0.0008519199125966249,0.0069282025366429805,-0.015048600815134441,0.007074051590209145,-0.001866812747224246,-0.008210209719625253
2023-11-28,-0.014582271439439232,0.08525365197803197,-0.02054869947359647,0.011376322469876604,0.01891867194362624,0.0057124591836990295,-0.0022542966873642916,-0.0018504886154624596,0.003680403067275866
2023-11-29,-0.006772436382807789,-0.011161711025213423,-0.006429533971565245,0.011899283577948137,-0.014378032243489828,0.013053708710157494,0.019755801649561564,0.005759044614705094,0.011646043379489063
2023-11-30,0.011294285207614076,-0.01600404465487505,0.021895302949400824,0.0033879664827964474,-0.002384321527472993,0.00519667957810506,-0.00022454025002112047,0.008085870887722812,-0.003053352749342776
2023-12-01,-0.005292264339840693,0.0017579527399132105,-0.025627045090001677,-0.007333200579214593,-0.006502839715788537,-0.0031371835979820827,-0.002183500935402631,0.007085183833822687,-0.0019605741676945727
2023-12-04,-0.011927064082324572,0.06888848700577306,-0.016086617735842766,0.02541833428139572,0.0004296169104050676,0.0009348117965761462,0.034128640004007296,0.014963731521038777,0.00826297034040206
2023-12-05,-0.01239779991598219,0.1562761929274428,-0.014906399268704192,-0.009982438677561812,0.0117049857804023,-0.015364701397795224,0.0088460206858087,-0.015119756152778566,-0.007127518751508473
2023-12-06,-0.0014028091681291153,-0.02580885868901349,0.0011593679768064462,-0.01149066150741591,-0.003208783948224185,0.009066562091093862,0.0025220108857993426,0.0017151262908851757,0.013899397841386682
2023-12-07,-0.00020160476775980238,0.0011089812526814669,-0.004236664179825001,0.003888694253425527,0.014606459262990186,-0.0011663426716330132,0.0016265378552270864,-0.019426838663574135,-0.005713927223939187
2023-12-08,-0.009379226879199546,-0.022770879225303048,0.0073322646587628895,-0.002941858392231494,-0.0057402597468589785,0.026820720162558064,0.013856802809487208,0.001606910678892222,0.017078263120800834
2023-12-11,0.00821491150203327,0.011853108133535073,0.02363285927864022,0.010266881345535387,-0.01282338689802255,0.008176976863377837,-0.0013316678221389953,-0.007421587436158456,-0.0017787609560076319
2023-12-12,-0.009659699872783884,0.0006475480905034426,-0.005503431290465196,0.018689156999032154,0.009190031285830562,0.0,-0.009983044936183957,-0.00035940616996363545,-0.008399275371809158
2023-12-13,-0.0019361603363263157,0.006070484685227771,-0.012711868489907421,0.009848675140473644,-0.00591061405094723,-0.0044452743799869,-0.002266110872523308,0.0036492548695078223,-0.018495927262860534
2023-12-14,-0.0017068369615349317,0.006586870975466707,0.013569954591578202,0.002964173133206435,0.012265196208345723,0.03262016407274422,0.011734213377509269,0.0017700257435573445,0.0355575722357178
2023-12-15,-0.0020775845753911873,0.03321825682471386,-0.010098317497962372,-0.009460751333425048,-0.016030717233472266,0.05280147978266471,0.003870970402829509,0.002599637947154939,0.04998037526448637
2023-12-18,0.0037603295200321417,-0.0037505324482712864,-0.005212100072827187,0.02990594351633792,-0.01819081771154772,0.008679405167389543,-0.0005132914579289394,0.004981830120417099,-0.008941245019012818
2023-12-19,0.005338998000943496,-0.01328999152976944,-0.005176725032419302,-0.007248972942116643,-0.006058356741098587,-0.010693114514279279,-0.0016925145369888729,0.009889816915577897,-0.003874834598577135
2023-12-20,-0.03406831137278652,-0.05499975260426669,-0.011604522529794683,-0.008534465995071008,-0.029909852576665306,-0.033026237778313566,0.0024773628373320126,-0.0012505122636235543,-0.014153568581465943
2023-12-21,0.00987195528608924,0.0056951652602221636,0.003158142392886922,-0.018730531210362916,0.017883637083476216,-0.012508750003532585,0.017765163584558773,-0.0016827754979923777,-0.00026042226129069455
2023-12-22,0.011088058048834898,0.00306704701340882,0.0015438972805441663,0.019931729399114532,0.008833372562816133,0.028184429988995008,-0.009441403431544067,0.008735066595538899,0.017361422460579628
2023-12-26,-0.0067226591121210535,0.020128255700513378,-6.296327877183193e-05,0.014404303362054076,0.005302392445261437,-0.0031155046536725105,0.006918582238137049,0.003546315605033183,-0.01219898894936359
2023-12-27,0.0052217697882642,-0.0077424619413054155,-0.003406149931971913,0.0372133800718433,0.00908429618290175,0.009487686595714829,0.012316537519040287,0.009069857448200045,0.014882743700499653
2023-12-28,0.002372055569784432,-0.011834041449126158,-0.024821408399313218,-0.0009468493124489314,-0.006086597372648378,0.00027152846693826387,0.0011440944403370422,0.009729005718976938,-0.0028436807560542413
2023-12-29,0.01000781150825803,0.013801581966485921,-0.004576915339497037,0.013918217402447993,0.01811089881489955,-0.00432191549257437,0.002342981706017453,0.011382241035426345,-0.012719319212698092
